Country,id,Alcoholic Beverages,Animal Products,Animal fats,"Aquatic Products, Other",Cereals - Excluding Beer,Eggs,"Fish, Seafood",Fruits - Excluding Wine,Meat,Milk - Excluding Butter,Miscellaneous,Offals,Oilcrops,Pulses,Spices,Starchy Roots,Stimulants,Sugar Crops,Sugar & Sweeteners,Treenuts,Vegetal Products,Vegetable Oils,Vegetables,RecoveredOld,Cases,Deaths,Recovered,Active,Population,Recovered,Mortality
Afghanistan, AFG,0,4.7774,0.8504,0,37.1186,0.1501,0,1.4757,1.2006,2.4512,0.025,0.1251,0.1751,0.5003,0.1001,0.3252,0.075,0,2.2261,0.1251,45.2476,2.3012,0.7504,0.098263461,50202.00,2032.00,"38,686","9,484","39,328,809",77,4
Albania, ALB,0.912,16.093,1.0591,0,16.2107,0.8091,0.1471,3.8982,3.8688,9.9441,0.0588,0.2648,1.0886,0.8091,0,1.2651,0.2501,0,3.4422,0.3972,33.907,2.8244,2.7508,0.874559549,51424.00,1055.00,"26,898","23,471","2,876,333",52,2
Algeria, DZA,0.0896,6.0326,0.1941,0,25.0112,0.4181,0.1195,3.1805,1.2543,3.9869,0.1045,0.0597,0.2688,1.09,0.1195,1.9262,0.1493,0,3.9869,0.224,43.9749,5.7638,2.0457,0.137268075,93933.00,2640.00,"62,089","29,204","44,214,198",66,3
Angola, AGO,1.9388,4.6927,0.2644,0,18.3521,0.0441,0.8372,2.3133,2.9302,0.5067,0.0661,0.1102,1.0795,1.4981,0,12.6239,0.0441,0,2.7539,0,45.3184,4.2741,0.3525,0.027439887,16484.00,382.00,"9,266","6,836","33,329,560",56,2
Antigua and Barbuda, ATG,2.3041,15.3672,1.5429,0,13.7215,0.2057,1.728,3.6824,7.0356,4.6904,0.3086,0.1646,0.5966,0.4526,0.3497,0.8434,0.4937,0,5.8218,0.0823,34.6225,4.6904,1.296,0.140816327,151.00,5.00,141,5,"98,304",93,3
Argentina, ARG,1.4354,14.9869,1.065,0,16.7927,0.8643,0.2006,1.4663,9.4459,3.1641,0,0.2624,0.0309,0.1235,0.0309,1.4045,0.2315,0,7.0536,0.0463,34.99,5.541,0.8643,2.953302334,1524372.00,41534.00,"1,352,556","130,282","45,387,444",89,3
Armenia, ARM,0.2274,12.833,1.7706,0,19.2658,0.731,0.1787,2.5341,4.2235,5.6368,0.1137,0.2924,0.2274,0.4386,0.0162,1.2508,0.6985,0,5.2956,0.3086,37.167,3.5737,3.2164,4.261366712,152253.00,2596.00,"131,213","18,444","2,965,818",86,2
Australia, AUS,1.9783,15.6146,1.9027,0,11.643,0.4681,0.604,1.6611,7.4902,4.8022,0.2114,0.3473,0.6645,0.1359,0.1057,1.3138,0.5134,0,5.7989,0.8457,34.3854,8.3812,1.1326,0.099747612,28094.00,908.00,"25,700","1,486","25,636,342",91,3
Austria, AUT,2.8161,15.6106,5.2532,0,12.3748,0.7853,0.4062,1.5976,5.0095,4.0482,0,0.1083,0.6905,0.1083,0.1083,1.4622,0.3656,0,6.2551,0.4197,34.3894,7.1622,1.029,3.187951537,332828.00,4982.00,"294,315","33,531","9,030,215",88,1
Azerbaijan, AZE,2.2555,8.1682,1.305,0,28.7417,0.5478,0.0967,1.6111,2.9322,3.1738,0.0322,0.1128,0.0483,0.0806,0.0161,2.2072,0.3061,0,3.4155,0.4511,41.8237,1.2083,1.4661,1.136139691,191460.00,2088.00,"127,064","62,308","10,181,419",66,1
Bahamas, BHS,2.9145,14.793,1.4205,0,10.7274,0.6613,1.2491,4.4575,8.1803,2.988,1.0776,0.2694,1.0287,0.1225,0.2204,0.7103,0.4164,0,8.6701,0.1714,35.2437,3.1594,1.5185,1.544529262,7725.00,164.00,"6,098","1,463","394,980",79,2
Bangladesh, BGD,0,2.3695,0.1541,0,37.5265,0.2312,0.8284,0.655,0.3468,0.7706,0.0193,0.0385,0.1348,1.2329,0.5009,1.9264,0.0193,0.0193,1.4255,0.1156,47.6401,3.429,0.6165,0.249601022,496975.00,7192.00,"431,590","58,193","165,447,176",87,1
Barbados, BRB,1.1224,12.0877,1.157,0,15.3514,0.5871,1.416,1.934,5.664,3.1428,0.8979,0.1036,1.1915,1.2606,0.2936,1.7095,0.2936,0,8.0815,0.2763,37.9209,4.4552,1.0534,0.094773519,305.00,7.00,278,20,"287,539",91,2
Belarus, BLR,3.2979,12.2644,2.6748,0,14.2705,0.8511,0.4863,1.3982,5.7143,2.1884,0.1672,0.3495,0.228,0,0.0152,4.9848,0.3951,0,4.6049,0.4255,37.7204,6.1246,1.8389,1.49104,167731.00,1299.00,"145,397","21,035","9,447,876",87,1
Belgium, BEL,2.3089,14.1587,4.7771,0,13.0441,0.69,0.5971,1.38,3.2776,4.6311,0,0.1858,0.2389,0.2919,0.0929,2.1895,0.1194,0,6.8073,0.5573,35.8413,7.0727,1.7383,0,618204.00,18371.00,"42,402","557,431","11,613,026",7,3
Belize, BLZ,1.5199,9.1752,2.6135,0,18.9064,0.2966,0.3707,2.5209,3.9481,1.8906,0.519,0.0371,0.6117,2.2799,0.0371,0.5005,0.2966,0,7.6367,0.1297,40.8526,5.1158,0.7414,1.053460621,9791.00,213.00,"4,779","4,799","400,938",49,2
Benin, BEN,1.7604,2.4864,0.0907,0,18.4755,0.0544,0.5263,0.7623,1.1978,0.5263,0.0544,0.0726,1.8693,1.6515,1.0163,14.4646,0.0181,0,1.4338,0.5082,47.5318,4.6461,0.853,0.024342698,3152.00,44.00,"2,972",136,"12,267,757",94,1
Bolivia, BOL,0.7859,10.0255,0.9133,0,21.644,0.5523,0.1062,2.4214,6.7545,1.6355,0.1274,0.085,0.4036,0.9133,0.085,3.5472,0.2761,0,5.6924,0.7859,39.9533,2.6551,0.6372,1.086899338,148665.00,9031.00,"127,155","12,479","11,746,331",86,6
Bosnia and Herzegovina, BIH,3.8856,9.0561,0.5507,0,21.233,0.2907,0.1836,1.8969,3.0289,4.8799,0.1989,0.1071,0.306,0.7802,1.0402,2.264,0.8414,0,3.0289,0.2601,40.9515,2.9524,2.264,2.026394392,104087.00,3549.00,"69,495","31,043","3,271,274",67,3
Botswana, BWA,1.5598,8.1197,1.047,0,22.3932,0.1068,0.1923,1.0256,1.8803,4.6795,0.4487,0.2137,0.4915,0.5769,0.3419,2.6709,0.2564,0,5.9402,0.0427,41.8803,5.4915,0.641,0.451273198,13014.00,38.00,"10,535","2,441","2,373,362",81,0
Brazil, BRA,1.4314,13.2061,1.5238,0,14.5913,0.4464,0.2309,1.7239,7.1571,3.7402,0,0.1077,0.7234,2.0317,0.0154,1.7854,0.1385,0.1847,6.326,0.077,36.8016,7.2033,0.5541,2.907318282,7111527.00,184876.00,"6,177,702","748,949","213,258,918",87,3
Bulgaria, BGR,3.6782,12.29,2.458,0,17.931,0.5836,0.2829,1.7683,4.3148,4.3855,0.0884,0.2653,0.6366,0.3537,1.2202,0.9019,0.2122,0,4.6508,0.1415,37.7188,5.252,0.8665,1.235426592,188288.00,6339.00,"93,728","88,221","6,923,955",50,3
Burkina Faso, BFA,2.5188,2.7946,0.1287,0,31.6051,0.1471,0.2574,0.1471,1.1583,1.0112,0.0368,0.0919,3.6771,2.4269,0.0552,0.478,0.0184,0,1.765,0.0735,47.1962,4.2103,0.2022,0.014064967,4611.00,73.00,"3,311","1,227","21,163,914",72,2
Cabo Verde, CPV,1.2525,8.5288,1.0537,0,23.8171,0.338,0.3976,1.4513,3.4394,3.2207,0.4374,0.0795,0.4374,2.2068,0.497,1.8887,0.1789,0,3.6183,0.0596,41.4712,4.493,1.1332,1.984892086,11502.00,110.00,"11,137",255,"558,774",97,1
Cambodia, KHM,1.4153,4.0437,0.1011,0,33.0166,0.1011,1.7792,0.647,1.7792,0.2022,0.182,0.0809,1.8601,0.93,0.1415,1.6983,0.0404,0.1415,4.1852,0.0404,45.9361,1.3142,0.3639,0.002013293,362.00,,341,21,"16,825,477",94,NA
Cameroon, CMR,1.5263,2.1669,0.1507,0,20.5201,0.0188,0.5464,3.5048,0.9987,0.4145,0.0565,0.0565,2.3931,3.5613,0.6595,8.1213,0.0377,0,1.6017,0.3203,47.8236,4.1455,1.3755,0.089672156,25472.00,445.00,"23,851","1,176","26,847,042",94,2
Canada, CAN,1.5748,12.6986,3.9656,0,13.0279,0.7731,0.5297,1.8182,4.796,2.6199,0.2577,0.0143,1.3171,1.5748,0.1432,1.5175,0.2434,0,6.199,0.587,37.2942,7.9599,1.088,1.008172296,488638.00,13916.00,"398,412","76,310","37,895,142",82,3
Central African Republic, CAF,0.5402,7.3927,0.7393,0,8.9565,0.0569,0.4265,1.905,4.9758,0.8814,0.0284,0.3412,2.3031,2.2747,0,19.6759,0.0853,0,1.706,0,42.5931,4.8052,0.3128,0.039834369,4936.00,63.00,"1,924","2,949","4,868,302",39,1
Chad, TCD,0.1436,6.9411,0.7659,0,27.8124,0.0239,0.4787,0.3112,3.0158,2.0345,0.0239,0.5984,5.5529,2.0345,0,3.1833,0,0,2.0823,0,43.0828,1.8191,0.0957,0.00952776,1818.00,102.00,"1,626",90,"16,639,938",89,6
Chile, CHL,1.5942,12.3547,1.3783,0,19.5782,0.631,0.3985,1.2786,7.4228,2.4909,0.083,0.0332,0.3819,0.5812,0.0332,2.1421,0.1827,0,7.6387,0.2325,37.6453,2.823,1.096,2.807077555,578732.00,16007.00,"551,200","11,525","19,192,075",95,3
China, CHN,1.2768,16.1844,1.1773,0.0209,17.3827,1.2349,1.2872,1.2924,9.8896,1.889,0.5128,0.6698,1.0518,0.1727,0.0837,1.4023,0.4762,0.0052,3.3436,0.7797,33.8235,3.5791,2.4645,0.006283724,86789.00,4634.00,"81,851",304,"1,439,323,776 ",94,5
Colombia, COL,0.9856,8.8544,0.4363,0,15.3337,0.7433,0.2424,4.6857,4.0717,3.2477,0.0485,0.1293,0.3393,0.824,0.0808,2.7953,0.0969,0.0162,9.5492,0.1777,41.1375,5.5906,0.614,2.672657956,1468795.00,39787.00,"1,343,819","85,189","51,133,227",91,3
Congo, COG,1.6241,4.9805,0.065,0,12.6462,0.0433,1.1693,1.8839,3.1832,0.2815,0.1083,0.2382,1.2343,0.6063,0,17.7783,0.1299,0,3.5513,0,45.0195,4.699,0.7579,0.319699166,6200.00,100.00,"4,988","1,112","5,580,009",80,2
Costa Rica, CRI,1.211,11.347,1.9741,0,14.499,0.6304,0.7299,2.223,3.0358,4.8938,0.0664,0.0829,0.5309,1.775,0.0829,0.8129,0.2488,0,8.4107,0.1327,38.6695,7.9297,0.7133,2.318743886,156388.00,1980.00,"124,907","29,501","5,115,617",80,1
Cote d'Ivoire, CIV,0.4579,2.1612,0.0549,0,18.8278,0.1282,0.641,2.5458,0.8791,0.2747,0.0183,0.1832,1.2088,0.3846,0.2564,15.5495,0.5311,0,1.63,0.8425,47.8388,4.9451,0.641,0.081444126,21772.00,133.00,"21,401",238,"26,676,031",98,1
Croatia, HRV,2.7404,14.6911,2.4809,0,14.2695,0.5027,0.6,1.508,5.4484,5.3997,0,0.2594,0.7297,0.1135,0.0649,1.1351,1.2162,0,7.4753,0.2757,35.317,3.843,1.9296,3.778208955,186963.00,2955.00,"161,563","22,445","4,093,426",86,2
Cuba, CUB,0.9825,7.6111,0.6159,0,19.607,0.4693,0.1466,3.2116,4.2968,1.9651,0.0293,0.1027,0.8506,2.5957,0.0147,3.4609,0.0587,0,7.5964,0,42.3962,2.713,1.2758,0.075206099,9771.00,137.00,"8,770",864,"11,323,396",90,1
Cyprus, CYP,1.6826,12.8681,0.7075,0,15.392,0.5927,0.8604,1.9312,5.9847,4.5698,0.631,0.1338,1.0134,0.5354,0.0765,0.9943,1.0325,0,4.4933,0.4015,37.1511,7.4379,1.5105,0.170422535,16190.00,85.00,"2,057","14,048","1,211,427",13,1
Czechia, CZE,4.8993,14.0415,3.8156,0,11.4011,0.5037,0.29,1.2821,5.0366,4.2735,0.1068,0.1068,0.2442,0.29,0.0763,1.7705,0.5037,0,6.1661,0.1984,35.9737,8.1197,0.9005,4.721183277,610006.00,10163.00,"527,062","72,781","10,718,217",86,2
Denmark, DNK,2.4239,17.7505,5.0547,0,13.3757,0.9607,0.9459,1.5814,5.0103,5.439,0,0.3252,0.3104,0.1035,0.1921,1.6553,0.8868,0,7.1386,0.5025,32.2643,2.9116,1.1676,1.391113399,123813.00,992.00,"85,662","37,159","5,801,672",69,1
Djibouti, DJI,0.1306,3.7127,0.2799,0,27.8918,0.0746,0.1493,0.7836,1.4925,1.5858,0.2799,0.1306,0.1119,2.3881,0.2052,0.5597,0.2052,0,6.1754,0.0933,46.2873,6.25,1.2127,0.56902834,5770.00,61.00,"5,635",74,"994,610",98,1
Dominica, DMA,1.4266,10.9375,0.9341,0,11.3791,0.1529,1.036,5.8254,4.7724,3.9062,0.2548,0.1359,1.4266,0.7133,0.4755,5.9783,0.5944,0,6.9633,0.017,39.0625,2.9721,1.036,0.115277778,88.00,,83,5,"72,069",94,NA
Dominican Republic, DOM,1.589,8.6782,0.7508,0,13.3054,0.6286,0.2968,7.421,3.7716,2.9859,0.1921,0.2445,1.1524,1.5017,0.0524,1.3794,0.1746,0,5.413,0.0349,41.3305,8.521,0.5762,1.152447619,157305.00,2375.00,"122,205","32,725","10,898,149",78,2
Ecuador, ECU,0.9275,9.7391,1.4879,0,23.4396,0.5411,0.2512,2.5894,3.9227,3.4203,0.0966,0.1353,0.3671,0.3285,0.0386,1.0242,0.0773,0,3.6908,0.0386,40.2319,7.1884,0.4638,1.016224088,204249.00,13932.00,"177,951","12,366","17,766,235",87,7
Egypt, EGY,0.0301,4.1999,0.5269,0,32.2144,0.1957,0.6322,2.5591,1.6408,0.9935,0.0151,0.2107,0.7828,0.6624,0.1204,1.2645,0.0452,0.3462,4.0644,0.0602,45.7926,2.0623,1.5806,0.104294515,123701.00,7015.00,"105,919","10,767","103,218,967",86,6
El Salvador, SLV,0.9019,7.9857,1.3717,0,22.6043,0.5825,0.2818,1.9917,2.2924,3.4198,0.2443,0.0564,1.4092,2.95,0.0188,1.2026,0.1691,0,7.1965,0.0376,41.9955,2.1984,1.0898,0.587671656,42397.00,1234.00,"38,481","2,682","6,501,382",91,3
Estonia, EST,4.839,15.3336,1.9572,0,16.2121,0.7397,0.339,1.5411,4.3612,7.8132,0.0462,0.1387,0.1387,0.4315,0.1541,2.25,1.125,0,3.7756,0.4469,34.6741,2.4503,1.2329,0.83553719,20004.00,164.00,"12,533","7,307","1,326,950",63,1
Eswatini, SWZ,1.5593,5.5925,0.5198,0,27.5468,0.1247,0.1663,1.4969,2.7651,1.8295,0.1663,0.1663,0.7277,0.7277,0.3326,2.8274,0.0416,0,6.7152,0.1247,44.4075,1.7464,0.4158,0.58115942,7093.00,135.00,"6,579",379,"1,165,710",93,2
Ethiopia, ETH,0.4774,2.0182,0.1519,0,31.5321,0.0434,0.0217,0.2821,0.651,1.1068,0,0.0651,0.4123,4.4705,0.5859,6.1198,0.0651,0,1.8663,0.0868,47.9601,1.8012,0.2821,0.082864875,118481.00,1831.00,"99,751","16,899","116,261,666",84,2
Fiji, FJI,0.7322,8.4795,2.2476,0,18.1338,0.2724,1.1238,0.63,3.5587,1.1749,0.0681,0.1192,3.5076,1.8219,0.1192,4.3419,0.2384,0,5.9254,0.0511,41.512,5.1081,0.8343,0.004241071,46.00,2.00,42,2,"899,452",91,4
Finland, FIN,2.4873,19.2239,2.4273,0,14.504,0.5094,0.944,1.6032,7.9562,7.267,0.4495,0.1199,0.2997,0.1648,0.045,1.6931,0.5993,0,4.525,0.2397,30.7761,3.2814,0.884,0.361729065,32228.00,484.00,"22,500","9,244","5,544,722",70,2
France, FRA,1.9955,16.9899,3.6818,0,13.8983,0.6183,0.8994,1.6582,6.1551,5.3963,0.0562,0.2389,0.3513,0.2389,0.0422,1.321,0.4356,0,5.5509,0.4216,33.0101,6.0568,0.9837,0.282322144,2427316.00,59619.00,"181,506","2,186,191","65,340,640",7,2
French Polynesia, PYF,1.4879,15.0676,1.8129,0,15.8885,0.496,1.6419,1.0433,8.1409,2.7364,1.1459,0.2223,2.4457,0.325,0.0171,1.9155,0.667,0.1368,3.5574,0.1539,34.941,5.3019,0.8551,NA,16118.00,101.00,"4,842","11,175","281,661",30,1
Gabon, GAB,2.0617,7.1874,0.1513,0,18.0064,0.0567,1.0781,5.2771,4.4638,0.9835,0.3215,0.4539,2.3454,0.0378,0,8.398,0.1702,0.0189,2.7237,0.0189,42.8031,2.8939,0.5485,0.412550426,9373.00,63.00,"9,223",87,"2,249,700",98,1
Gambia, GMB,0.3543,3.7394,0.0787,0,26.8845,0.0984,1.1021,0.1771,0.6298,1.791,0.1771,0.0394,4.8219,0.1574,0,0.3543,0.0787,0,5.5895,0.0787,46.2704,7.282,0.2952,0.150889532,3786.00,123.00,"3,654",9,"2,447,521",97,3
Georgia, GEO,1.2367,8.8138,1.6025,0,25.6053,0.4006,0.2613,0.8361,2.3689,4.0759,0.2264,0.0871,0.1916,0,0.0523,1.4806,0.8361,0,6.6539,0.2961,41.1949,3.205,0.5748,4.352113055,204003.00,2002.00,"171,526","30,475","3,985,597",84,1
Germany, DEU,3.2902,15.3684,4.162,0,12.4016,0.6187,0.5343,1.5607,5.0759,4.9072,0,0.0703,0.4781,0.0984,0.0984,1.7717,0.4218,0,6.482,0.7593,34.6316,6.1867,1.0827,1.214978391,1438438.00,25165.00,"1,047,600","365,673","83,908,358",73,2
Ghana, GHA,0.3956,2.1263,0.0989,0,13.8784,0.0659,0.923,5.6865,0.7417,0.2308,0.0494,0.0824,1.6812,1.0219,0.5769,19.6143,0,0.0659,1.9779,0.0989,47.8655,2.4065,0.4121,0.166578702,53553.00,331.00,"52,266",956,"31,369,658",98,1
Greece, GRC,1.0285,11.4771,0.7006,0,14.4731,0.4919,0.5068,2.2954,4.1586,5.4255,0.164,0.1938,0.8794,0.6707,0.0596,1.5203,0.4919,0,4.2629,1.0434,38.5303,10.1654,1.4607,0.21564486,128710.00,3948.00,"9,989","114,773","10,399,263",8,3
Grenada, GRD,1.9979,12.2581,0.7284,0,13.7565,0.7284,1.1446,3.5588,5.7648,3.8085,0.3538,0.0832,1.1863,1.3111,0.6452,1.1446,0.3122,0,7.9084,0.0416,37.7523,4.9116,0.6035,0.036283186,85.00,,41,44,"112,765",48,NA
Guatemala, GTM,0.5887,5.5534,0.3925,0,23.8619,0.9419,0.0981,1.3736,2.551,1.4914,0.0589,0.0785,1.0793,2.7473,0.0589,0.3532,0.1766,0,9.3995,0.2159,44.4662,3.748,0.7653,0.654361785,131435.00,4551.00,"119,748","7,136","18,067,499",91,3
Guinea, GIN,0.0894,2.415,0.161,0,24.8479,0.1073,0.3399,2.5939,1.0376,0.6619,0.0716,0.1073,1.8784,0.7335,0,6.7979,0.0894,0,2.2182,0,47.585,6.6547,1.61,0.101218153,13485.00,80.00,"12,773",632,"13,294,822",95,1
Guinea-Bissau, GNB,0.6881,3.8624,0.1554,0,28.6127,0.0666,0.0444,1.9534,2.5971,0.8657,0.1332,0.111,0.5771,0.3996,0,4.1065,0.0666,0,0.6881,1.1543,46.1487,7.5028,0.2664,0.121276596,2447.00,44.00,"2,378",25,"1,989,226",97,2
Guyana, GUY,0.5719,9.0121,0.208,0,21.2998,0.1213,0.8666,2.253,3.6915,4.1075,0.1906,0.0347,2.5303,1.1612,0.5546,1.3345,0.2773,0,5.5459,0.2253,40.9879,1.8371,3.1889,0.645108005,6042.00,158.00,"5,197",687,"788,312",86,3
Haiti, HTI,2.0559,3.7884,0.3234,0,21.5754,0.0462,0.2079,2.9568,2.079,1.0626,0.0924,0.0924,0.8085,3.8346,0,5.7057,0.2079,0,4.0425,0,46.2,4.5507,0.3696,0.07261247,9627.00,234.00,"8,310","1,083","11,466,606",86,2
Honduras, HND,0.7052,6.7385,0.6464,0,23.3301,0.2938,0.0979,1.5475,2.8991,2.7032,0.1567,0.0784,0.1763,2.3898,0.0196,0.2938,0.2351,0,8.5406,0.0392,43.2517,5.4848,0.3722,0.524006488,115474.00,3021.00,"53,499","58,954","9,976,991",46,3
Hungary, HUN,3.0432,16.0682,5.28,0,13.4206,0.8065,0.1978,1.0347,5.9038,3.8649,0.0152,0,0.1978,0.4108,0.1522,1.339,0.426,0,5.3408,0.0304,33.9318,7.4863,1.0499,0.845152043,291549.00,7538.00,"86,954","197,057","9,648,909",30,3
Iceland, ISL,2.0403,22.2911,2.9915,0,10.7803,0.5928,2.2746,2.2195,7.5958,8.5746,0.4687,0.2619,0.4825,0.0965,0.1654,1.0753,0.9374,0,5.3212,0.2481,27.7089,3.019,0.8547,1.465217391,5588.00,28.00,"5,423",137,"342,269",97,1
India, IND,0.2582,5.5622,1.4899,0,27.652,0.2384,0.2582,1.4303,0.298,3.2578,0,0.0199,0.9734,3.1387,0.5959,1.1124,0.0199,0,3.5757,0.1986,44.4378,4.3504,1.1323,0.672997357,9979447.00,144829.00,"9,520,827","313,791","1,386,271,357",95,1
Indonesia, IDN,0.0346,3.372,0.121,0,31.9557,0.3977,1.4698,1.4179,0.9165,0.3631,0,0.1038,1.833,0.1729,0.2594,2.4728,0.1383,0,3.4584,0.0865,46.6367,4.0809,0.709,0.188032266,643508.00,19390.00,"526,979","97,139","274,858,766",82,3
Iran (Islamic Republic of), IRN,0,5.8494,1.3782,0,26.2179,0.4647,0.3686,2.8526,2.3077,1.2179,0,0.0962,0.1122,1.0897,0.1282,1.6346,0.0481,0,4.5513,1.2821,44.1506,4.4712,1.7788,0.978289958,1138530.00,53095.00,"856,513","228,922","84,488,279",75,5
Iraq, IRQ,0.0997,4.1476,0.9372,0,29.7308,0.7378,0.1196,1.5753,1.4756,0.8774,0.1196,0.0199,0.2991,0.6979,0.0399,0.339,0.2592,0,4.7059,0.1994,45.8225,7.2383,0.5583,1.282502203,580449.00,12650.00,"515,321","52,478","40,634,810",89,2
Ireland, IRL,3.2284,14.0167,2.9997,0,14.4471,0.4977,0.7398,1.8832,5.0982,4.5601,0.0807,0.1211,0.3901,0.3228,0.0807,1.7487,0.7129,0,6.0533,0.3497,35.9833,5.4479,1.2376,0.4669998,77678.00,2143.00,"23,364","52,171","4,963,234",30,3
Palestine, PAL,0.6267,11.5653,0.5127,0,15.297,0.5555,0.6409,2.6919,5.7257,4.0023,0.0997,0.1424,1.581,0.8688,0.0712,1.0255,0.4985,0,3.6177,0.6552,38.4133,9.8846,1.524,3.672070313,117755.00,1078.00,"92,979","23,698","5,155,547",79,1
Italy, ITA,1.4624,12.5657,2.1014,0,16.2999,0.6389,0.7951,1.9878,5.0121,3.9188,0.1136,0.0994,0.213,0.6957,0.0142,0.9655,0.1562,0,4.4299,0.7099,37.4414,9.1722,1.2069,1.850233846,1906377.00,67220.00,"1,203,814","635,343","60,420,388",63,4
Jamaica, JAM,1.3423,9.4685,1.5781,0,16.1255,0.127,0.8707,2.5757,3.8999,2.8297,0.2902,0.1451,1.0521,0.5079,0.8163,2.739,0.1633,0,9.269,0.0363,40.5405,4.5892,1.0339,0.288287647,11968.00,279.00,"8,525","3,164","2,967,164",71,2
Japan, JPN,2.4472,10.1594,0.5562,0.0185,19.6329,1.4461,2.3174,0.8713,3.6522,2.0393,0.0742,0.1298,2.0022,0.2595,0.2039,1.1123,0.4079,0.0927,4.4679,0.241,39.8406,6.7482,1.2792,0.119706749,187103.00,2739.00,"158,287","26,077","126,295,782",85,1
Jordan, JOR,0.0553,6.0796,0.5527,0,22.0892,0.2395,0.2211,1.308,2.8924,2.1002,0.1105,0.0737,0.9211,1.1238,0.0921,0.8106,0.3316,0,6.9823,0.35,43.9204,8.6035,1.1422,2.084970503,269806.00,3496.00,"233,390","32,920","10,249,917",87,1
Kazakhstan, KAZ,1.5175,14.1114,1.1264,0,14.6746,0.5163,0.1408,1.627,5.1001,6.9775,0.1408,0.2503,0.2972,0.0782,0.0313,2.9568,0.485,0,4.1302,0.3442,35.8886,7.7441,1.8617,0.847240017,145213.00,2147.00,"129,525","13,541","18,880,262",89,1
Kenya, KEN,0.6828,5.9101,0.3532,0,26.3951,0.0942,0.1648,1.3892,1.8837,3.2494,0,0.1413,0.4003,3.5555,0.0235,3.8615,0.0706,0,3.6732,0.1413,44.1017,3.2964,0.6122,0.137221641,93405.00,1618.00,"74,999","16,788","54,312,565",80,2
"Korea, South", KOR,2.0481,9.3351,1.2318,0.4007,20.5847,0.6085,1.6325,1.1279,4.6453,0.653,0,0.1633,1.0834,0.1633,0.0594,0.564,0.1187,0,5.2983,0.4749,40.6649,6.6934,2.4488,0.062878276,47515.00,645.00,"33,982","12,888","51,289,714",72,1
Kuwait, KWT,0,9.1727,0.5806,0,20.4209,1.016,0.3048,2.5109,4.1655,2.9753,0.3193,0.1306,0.4644,0.8273,0.3774,1.2337,0.6096,0,6.1393,0.4209,40.8418,5.762,1.7271,3.034683436,147192.00,913.00,"143,113","3,166","4,299,620",97,1
Kyrgyzstan, KGZ,0.7328,10.992,0.7507,0,22.8776,0.286,0.0536,0.8937,3.0742,6.5773,0.0894,0.2324,0.0179,0.9294,0.0536,3.092,0.6077,0,4.3968,0.3932,39.0349,2.4307,2.4844,1.068395511,78679.00,1324.00,"72,051","5,304","6,573,629",92,2
Lao People's Democratic Republic, LAO,1.1323,4.7916,0.6072,0,29.488,0.1149,0.7877,4.1516,2.9865,0.1477,0.1313,0.1313,1.1815,0.4102,0.3446,2.4614,0.4102,0.4431,1.5425,0.0164,45.2248,1.4605,2.0348,0.000469484,41.00,,36,5,"7,324,131",88,NA
Latvia, LVA,3.0614,15.4174,3.8504,0,14.7546,0.7417,0.8364,1.1835,4.8919,4.9235,0.1262,0.1578,0.284,0.0158,0.0316,3.5821,0.9626,0,4.0713,0.3787,34.5905,4.7972,1.3413,0.886908517,28535.00,394.00,"19,072","9,069","1,876,410",67,1
Lebanon, LBN,0.3473,5.4012,0.6078,0,21.3268,0.1389,0.2779,2.0841,2.1362,2.1709,0.1563,0.0521,0.9899,1.042,0.0868,1.4415,0.3821,0,6.6342,1.0247,44.6162,7.5547,1.5283,1.509992674,153049.00,1248.00,"106,712","45,089","6,811,167",70,1
Lesotho, LSO,0.767,3.7037,0.0877,0,34.6044,0.0657,0.0877,0.4602,2.3011,0.9424,0.0877,0.2192,0.1753,1.819,0.1753,2.3011,0.0438,0,2.7175,0,46.3073,2.7613,0.3726,0.062558357,2400.00,46.00,"1,435",919,"2,150,106",60,2
Liberia, LBR,0.7505,2.7908,0.0938,0,25.2814,0.0938,0.258,1.6886,2.0872,0.1407,0.0938,0.1173,0.5394,0.1642,0,8.0675,0.0469,0.1642,1.4775,0.1173,47.1857,8.3724,0.469,0.026848557,1779.00,83.00,"1,406",290,"5,111,932",79,5
Lithuania, LTU,3.3192,15.4409,2.6612,0,15.7187,0.8481,0.9651,1.1698,5.7757,5.0592,0.0439,0.1316,0.3071,1.2867,0.1608,1.3306,0.234,0,6.1705,0.3217,34.5518,3.5093,0.9943,1.394309234,103028.00,933.00,"45,113","56,982","2,704,423",44,1
Luxembourg, LUX,5.1574,17.4063,2.3988,0,11.979,0.9595,0.8246,2.069,7.961,5.1574,0.2849,0.1049,0.2999,0.1049,0.1649,1.2294,2.009,0,4.048,0.075,32.5937,3.8681,1.3043,5.279588608,43279.00,428.00,"34,609","8,242","630,656",80,1
Madagascar, MDG,0.289,3.5208,0.1839,0,31.2401,0.0525,0.2627,1.4714,1.8129,1.051,0.0263,0.1314,0.2102,0.762,0.0788,7.9874,0.0788,0.1051,2.207,0.0263,46.4792,1.7341,0.289,0.061362898,17587.00,259.00,"16,992",336,"28,015,240",97,1
Malawi, MWI,0.3588,4.0038,0.4344,0,23.3428,0.0755,0.3399,3.0784,2.9084,0.1322,0.0189,0.1322,1.3598,2.8706,0.0378,11.4259,0.0189,0,1.5297,0.0378,45.9868,1.322,0.5855,0.028703607,6138.00,187.00,"5,661",290,"19,355,062",92,3
Malaysia, MYS,0.2063,8.7831,0.4297,0,21.5194,1.2204,1.7532,0.9969,4.0908,1.2375,0.2922,0.0344,0.636,0.4469,0.7219,0.6875,0.0172,0,7.0299,0.1375,41.2169,7.5284,1.0141,0.215359507,89133.00,432.00,"74,030","14,671","32,557,060",83,0
Maldives, MDV,0.3552,12.1226,0.9325,0,22.5577,0.9991,4.4183,2.1314,1.8872,3.8854,0.8215,0,0.3552,0.1776,0.6883,0.8215,0.6439,0.0444,5.373,1.421,37.8996,0.9325,1.532,2.35323475,13418.00,48.00,"12,828",542,"544,912",96,0
Mali, MLI,0.6497,5.7446,0.2223,0,32.9116,0.0342,0.2394,0.8719,1.7439,3.2997,0.0513,0.171,0.8548,1.59,0.1197,1.4532,0.0171,0,1.7781,0.359,44.2811,2.5645,1.0429,0.017925041,6049.00,211.00,"3,718","2,120","20,515,724",61,3
Malta, MLT,1.9506,14.2031,2.0373,0,15.8937,0.6791,0.9392,1.5749,5.2883,5.2016,0.0867,0.0578,0.578,0.5202,0.0722,1.127,1.127,0,7.5278,0.4479,35.7896,2.8464,2.0517,1.785249042,11475.00,182.00,"9,670","1,623","442,089",84,2
Mauritania, MRT,0,7.3716,0.4046,0,26.6186,0.1583,0.3343,0.6334,2.1992,4.0816,0.1407,0.2111,0.1759,1.6538,0,0.3343,0.1056,0,6.3512,0,42.6284,6.0873,0.5102,0.174580645,11805.00,254.00,"8,372","3,179","4,705,292",71,2
Mauritius, MUS,0.8473,7.3381,0.4157,0,23.1974,0.3517,0.8153,0.9273,3.2294,2.462,0.3038,0.0639,0.5755,1.4069,0.2878,0.6235,0.3997,0,4.6203,0.0959,42.6539,8.4732,0.9113,0.038656126,524.00,10.00,489,25,"1,272,749",93,2
Mexico, MEX,1.196,10.2729,0.9046,0,21.5118,1.0733,0.4293,1.6713,5.0445,2.5912,0,0.2453,0.4446,1.5486,0.23,0.506,0.0767,0,6.9917,0.23,39.7117,4.4772,0.8433,0.725987542,1289298.00,116487.00,"953,762","219,049","129,558,105",74,9
Mongolia, MNG,1.5398,20.3754,2.0038,0,18.7724,0.3375,0.0211,0.3375,10.5674,6.6231,0.1898,0.8015,0.0633,0.0844,0,1.2234,0.7804,0,2.9319,0.0422,29.6351,2.9319,0.7382,0.011425171,941.00,,473,468,"3,302,544",50,NA
Montenegro, MNE,1.4078,17.6268,1.3935,0,16.1184,0.6608,0.3591,2.3416,6.9674,8.1023,0.3448,0.1437,0.2729,0.6177,0.0431,0.7039,1.2355,0,4.7694,0.3591,32.3804,3.0599,1.0918,5.006109325,42995.00,614.00,"33,049","9,332","628,103",77,1
Morocco, MAR,0.0888,4.8669,0.6361,0,29.4675,0.3402,0.6213,2.0562,2.0858,1.0651,0.0148,0.1183,0.1479,0.6509,0.2219,1.4053,0.0888,0,5.4142,0.429,45.1331,4.068,1.0799,0.998734424,409746.00,6804.00,"369,998","32,944","37,112,296",90,2
Mozambique, MOZ,0.3688,2.9074,0.1736,0,21.957,0.1519,0.4556,0.8679,1.3886,0.6943,0.0434,0.0651,0.2821,2.6036,0,14.1679,0.0434,0,2.148,0.1736,47.1035,3.9705,0.4339,0.048148623,17256.00,145.00,"15,257","1,854","31,653,402",88,1
Myanmar, MMR,0.1296,10.8663,0.8145,0,23.4358,0.3887,2.0548,1.3514,6.368,1.1107,0.0926,0.1481,1.7771,2.6287,0.3702,0.722,0.074,0,3.5542,0.4258,39.1151,3.3321,1.2403,NA,113082.00,2377.00,"91,537","19,168","54,578,719",81,2
Namibia, NAM,2.4054,6.5173,0.7607,0,18.7294,0.1028,0.4523,1.1308,2.8577,2.1998,0.2056,0.1645,0.2673,1.6036,0.2673,7.2368,0.2056,0,5.7155,0.0411,43.4622,5.222,0.4523,0.583903975,17607.00,164.00,"15,373","2,070","2,562,008",87,1
Nepal, NPL,0.1395,3.767,0.6278,0,30.7115,0.1395,0.0872,1.4475,0.872,1.9358,0.0174,0.1046,0.1221,1.9881,0.9069,2.7206,0.0698,0.593,0.9069,0.1744,46.2156,4.918,1.5347,0.788681824,251692.00,1749.00,"240,363","9,580","29,377,167",95,1
New Caledonia, NCL,1.9087,13.343,1.4361,0,15.9607,0.6362,0.8544,1.6906,6.5261,3.7448,1.1089,0.1272,1.7633,0.2545,0.0909,1.2543,0.7635,0,4.272,0.1272,36.6661,6.4716,0.9998,NA,37.00,,35,2,"286,766",95,NA
New Zealand, NZL,1.6474,15.1117,4.562,0,14.4781,0.6336,0.6653,1.6632,6.8747,2.2968,0,0.095,0.8871,0.5227,0.1109,1.5524,0.1267,0,8.8706,0.5544,34.8804,3.3581,1.1088,0.040405053,2110.00,25.00,"2,034",51,"5,002,100 ",96,1
Nicaragua, NIC,0.6658,6.3344,0.5136,0,25.0904,0.3614,0.2283,1.2174,2.4729,2.6441,0.2663,0.1141,0.5707,2.3778,0,0.856,0.1141,0,7.8181,0,43.6751,4.1469,0.5326,0.064053972,5938.00,163.00,"4,225","1,550","6,660,896",71,3
Niger, NER,0.0194,3.4122,0.4847,0,31.0585,0.0194,0.0775,0.8337,1.0857,1.6479,0.0194,0.1163,3.2571,6.3009,0.1357,0.6979,0.0194,0,0.6786,0,46.5878,1.8806,1.6673,0.005349539,2506.00,84.00,"1,373","1,049","24,601,794",55,3
Nigeria, NGA,1.2178,1.6237,0.1421,0,21.5953,0.1624,0.345,1.441,0.6901,0.2233,0.0203,0.0406,1.2381,1.9687,0.4059,12.259,0.0203,0,1.6034,0.1827,48.3864,5.3379,1.096,0.032169399,76207.00,1201.00,"67,110","7,896","208,468,531",88,2
North Macedonia, MKD,0.9837,9.4365,2.1841,0,16.6889,0.3501,0.1834,2.1507,2.9843,3.5178,0.1334,0.1834,0.8003,0.7836,0.3334,1.8673,0.7669,0,6.3021,0.4335,40.5802,6.6022,2.7342,2.406057692,76251.00,2225.00,"52,413","21,613","2,083,334",69,3
Norway, NOR,1.7142,15.5904,2.5713,0,14.0092,0.665,1.5516,1.862,5.6746,5.0392,1.1822,0.0739,0.8867,0.8275,0.0591,1.4334,0.9901,0,4.1673,0.4286,34.4318,5.9997,0.8423,0.334100613,42776.00,404.00,"34,782","7,590","5,440,854",81,1
Oman, OMN,0.0853,10.0478,0.5629,0,19.7544,0.5288,0.7847,6.8918,3.3095,4.7083,0.1024,0.1365,0.3241,0.6482,0.5118,0.8188,0.3753,0,4.5036,0.1876,39.9522,4.06,1.7059,2.509802673,127019.00,1483.00,"119,009","6,527","5,165,792",94,1
Pakistan, PAK,0,11.474,2.514,0,23.3348,0.2793,0.0645,0.6446,1.5471,6.9618,0.0215,0.1289,0.6446,1.3537,0.2793,0.7091,0.1289,0.2793,5.2213,0.1289,38.5045,5.2858,0.4942,0.174858785,451494.00,9164.00,"399,852","42,478","222,857,045",89,2
Panama, PAN,1.8134,10.7042,2.3063,0,21.2852,0.3873,0.5986,2.3944,3.9613,3.257,0.3697,0.1937,0.6514,0.8803,0.0352,0.6866,0.3521,0,6.1972,0.1408,39.2958,4.0317,0.4577,3.81354191,203295.00,3481.00,"168,238","31,576","4,345,982",83,2
Paraguay, PRY,1.8252,9.3813,1.1863,0,15.8241,0.7848,0.146,1.1316,4.5811,2.3362,0.0913,0.3285,0.8213,1.4054,0.0183,7.1181,0.4745,0,5.0192,0,40.6279,6.2968,0.6023,0.926836664,97028.00,2032.00,"69,351","25,645","7,172,923",71,2
Peru, PER,1.5529,5.7963,0.1806,0,21.2893,0.5778,0.8848,3.485,2.0224,1.8599,0.0542,0.2709,0.7584,1.4987,0.0361,6.7895,0.1806,0,4.2615,0.0542,44.2037,3.1239,1.1195,2.797806483,991518.00,36901.00,"925,893","28,724","33,183,267",93,4
Philippines, PHL,1.0845,7.7225,1.3837,0,28.5153,0.2992,0.9723,2.6178,4.4503,0.4301,0.0374,0.187,0.5423,0.2244,0.0748,1.6268,0.2244,0,4.0763,0.187,42.2775,2.1503,0.9162,0.382112775,454447.00,8850.00,"419,902","25,695","110,252,774",92,2
Poland, POL,2.8507,14.6079,4.1413,0,16.0545,0.3687,0.5106,1.0637,6.3537,3.2194,0,0.0142,0.2127,0.2695,0.0425,2.6521,0.0851,0,6.2544,0.1702,35.3992,4.5242,1.2055,2.265312239,1171854.00,24345.00,"903,349","244,160","37,827,296",77,2
Portugal, PRT,3.065,15.4111,3.6379,0,13.9072,0.4726,1.3606,2.3203,5.9439,3.8098,0.043,0.1862,0.1862,0.4583,0.043,1.7617,0.7161,0,3.6236,0.401,34.5889,6.6457,1.4179,2.674568503,362616.00,5902.00,"287,028","69,686","10,182,836",79,2
Republic of Moldova, MDA,2.0672,12.299,1.7958,0,21.3823,0.6264,0.4803,1.1485,3.6542,5.5753,0.167,0.167,0.0835,0.1462,0.0209,1.754,0.3132,0,4.6356,0.0418,37.6905,4.7818,1.1693,3.116803395,131919.00,2674.00,"114,230","15,015","4,029,590",87,2
Romania, ROU,2.1141,13.1527,2.1708,0,17.849,0.7946,0.1703,1.7877,3.7741,6.101,0.1135,0.1419,0.2128,0.2838,0.3263,2.5965,0.3831,0,4.0153,0.2554,36.8473,5.0936,1.8161,2.394781976,577446.00,13969.00,"477,139","86,338","19,177,644",83,2
Russian Federation, RUS,2.0381,12.7641,2.1273,0,16.7361,0.9075,0.6992,1.1306,4.8349,4.0167,0.0298,0.1785,0.2827,0.357,0.0298,3.0646,0.2083,0,6.8432,0.0446,37.2359,5.3109,1.1604,1.434860597,2762668.00,49151.00,"2,202,540","510,977","145,963,586",80,2
Rwanda, RWA,0.858,2.3707,0.1129,0,9.4378,0.0226,0.3161,8.8056,0.9257,0.8806,0.0226,0.0903,0.7902,7.5638,0.0452,16.5049,0.0226,0,1.4224,0,47.6406,1.6934,0.4741,0.046294009,7032.00,57.00,"6,089",886,"13,098,572",87,1
Saint Kitts and Nevis, KNA,1.6696,14.2715,1.6498,0,13.3969,0.318,0.9541,2.2262,7.5929,3.5778,0.5367,0.1988,1.2324,1.0733,0.1789,1.2522,0.0994,0,6.778,0.2186,35.7185,6.5196,0.5367,0.042592593,28.00,,24,4,"53,373",86,NA
Saint Lucia, LCA,2.5564,14.6429,1.0526,0,15.3571,0.2444,1.2218,2.0113,8.9286,2.9323,0.4323,0.2632,0.8647,1.109,0.3383,1.2406,0.3571,0,7.4436,0.188,35.3571,2.6692,0.7895,0.131868132,279.00,5.00,246,28,"184,016",88,2
Samoa, WSM,0.521,13.4454,2,0.0336,9.6134,0.1513,1.7479,3.8992,7.9832,1.4286,0.2857,0.1176,9.0924,0,0.1345,4.7395,0.2857,0,4.1849,0.0336,36.5378,3.4454,0.3193,0.001,2.00,,2,0,"199,025",100,NA
Sao Tome and Principe, STP,0.7034,3.6409,0.1862,0,18.5974,0.0414,1.1585,8.854,1.6343,0.6206,0.1448,0.0207,6.6198,0.7447,0.0621,2.379,0.0207,0,3.2685,0,46.3591,4.6752,0.2689,0.453333333,1011.00,17.00,955,39,"221,025",94,2
Saudi Arabia, SAU,0,7.59,0.7825,0,23.4585,0.4069,0.3286,3.2707,3.349,2.6448,0.2973,0.0782,0.2347,0.7825,0.4069,0.5321,0.5008,0,4.6479,0.266,42.41,7.2457,0.7668,1.001090152,360516.00,6091.00,"351,365","3,060","35,063,072",97,2
Senegal, SEN,0.0766,2.7565,0.1914,0,30.5896,0.1149,0.5934,0.4594,1.2634,0.4786,0.0191,0.0957,1.2825,0.7466,0.1149,1.1485,0.0957,0,3.2351,0.1149,47.2435,8.2312,1.1485,0.096506211,17451.00,355.00,"16,384",712,"16,944,768",94,2
Serbia, SRB,2.5678,13.1419,1.1056,0,20.0428,0.6419,0.2318,2.1041,6.2946,4.6541,0.0178,0.214,0.3923,0.4458,0.0535,1.2482,0.5884,0,5.2247,0.2853,36.8581,2.6748,1.2126,0,287730.00,2529.00,"31,536","253,665","8,720,936",11,1
Sierra Leone, SLE,0.1021,2.6128,0.0408,0,27.5362,0.1021,0.8777,0.8573,0.6736,0.8777,0.0816,0.0612,1.2656,1.7759,0.1225,7.0831,0.0408,0,1.0206,0.2041,47.377,6.5932,0.694,0.023204212,2464.00,75.00,"1,854",535,"8,051,228",75,3
Slovakia, SVK,2.835,16.5403,7.8007,0,10.6717,0.9029,0.325,1.2459,4.3698,2.9614,0.0722,0.1806,0.5237,0.2347,0.0903,1.6974,0.5959,0,4.1712,0.2709,33.4597,10.2022,0.8487,1.804924936,142133.00,1378.00,"102,737","38,018","5,460,873",72,1
Slovenia, SVN,2.2372,13.6108,3.5357,0,18.0069,0.6101,0.3442,2.6596,4.5995,4.3492,0.2034,0.1564,0.3755,0.2972,0.1408,1.5019,1.1264,0,3.4731,0.6414,36.3892,4.6308,1.1108,3.507370423,102043.00,2233.00,"79,193","20,617","2,079,071",78,2
South Africa, ZAF,2.2875,7.614,0.2171,0,25.9977,0.4341,0.1837,0.5176,5.1428,1.3692,0,0.2839,0.4508,0.2672,0.0835,1.0519,0.1169,0,5.6938,0.0334,42.3777,5.2763,0.6011,1.279174213,892813.00,24011.00,"780,313","88,489","59,653,275",87,3
Sri Lanka, LKA,0.2105,3.7696,0.0574,0,26.9805,0.3253,1.1864,1.5499,0.6123,1.5308,0.0191,0.0574,5.7788,1.7604,0.8611,1.3203,0.0957,0,5.377,0.1722,46.2304,1.129,0.9759,0.110812782,35387.00,160.00,"26,353","8,874","21,454,912",74,0
Sudan, SDN,0,7.9737,0.4316,0,22.8319,0.1028,0.0411,2.3839,2.4866,4.7267,0.0206,0.185,1.2125,2.0756,0.0822,0.8837,0.0617,0.1233,6.3296,0,42.0263,4.7061,1.3152,0.028397455,22265.00,1408.00,"12,873","7,984","44,316,562",58,6
Suriname, SUR,1.4479,6.2001,0.2042,0,20.8094,0.4084,0.594,2.5617,3.8426,1.1138,0.4084,0.0371,1.0581,0.3527,0.0371,1.188,0.3156,0.0557,7.5924,0.0557,43.7906,6.8127,1.1138,0.863966942,5428.00,117.00,"5,240",71,"589,062",97,2
Switzerland, CHE,2.3293,15.5435,2.4172,0,11.7492,0.586,0.4395,1.9338,6.1822,5.7867,0,0.1172,0.2783,0.249,0.0879,1.0841,0.2051,0,7.8963,0.9522,34.4711,6.695,0.9962,3.570766736,399511.00,6487.00,"311,500","81,524","8,683,918",78,2
Taiwan*, TWN,1.2767,10.9525,1.0415,0,15.4208,0.9071,0.7559,2.083,6.9881,1.1423,0.084,0.1008,1.915,0.42,0.2016,0.4536,0.2688,0.0504,4.8715,0.7055,39.0391,9.4742,1.8478,0.002566709,759.00,7.00,619,133,"23,836,816",82,1
Tajikistan, TJK,0.1427,5.1831,0,0,27.4132,0.214,0.0238,1.5216,2.3776,2.3776,0.0951,0.1664,0.4042,0.5944,0.0476,1.379,0.3566,0,3.8992,0.1189,44.8407,5.4922,3.3524,0.129091102,12852.00,89.00,"12,295",468,"9,635,503",96,1
Thailand, THA,2.1401,6.4025,0.336,0,23.1871,0.902,1.1496,1.8394,3.0775,0.849,0.0177,0.0707,1.3265,0.4245,1.0612,1.0612,0.0707,0,7.729,0.1061,43.5975,4.0679,0.5837,0.005935311,4297.00,60.00,"4,005",232,"69,881,362",93,1
Timor-Leste, TLS,0.1169,5.0491,0.3974,0,32.7256,0.0701,0.374,0.6078,3.9972,0.1169,0.187,0.0701,0.9818,1.5428,0.0701,2.4778,0.3039,0,2.5245,0,44.9743,2.9687,0.4441,0.002276176,31.00,,30,1,"1,329,952",97,NA
Togo, TGO,0.2882,2.0379,0.1029,0,23.2812,0.0618,0.3911,0.2058,1.1116,0.3088,0.1647,0.0412,0.8234,3.0259,0.1029,10.5599,0.0618,0,2.8201,0,47.9621,6.2577,0.3911,0.033687643,3330.00,66.00,"2,890",374,"8,367,279",87,2
Trinidad and Tobago, TTO,0.8874,9.9918,1.3969,0,18.4224,0.2629,0.7067,1.249,4.6343,2.9088,0.378,0.0986,1.0682,1.4297,0.378,1.1997,0.1808,0,9.1537,0.1972,40.0164,4.7658,0.6738,0.451424397,6940.00,123.00,"6,385",432,"1,401,593",92,2
Tunisia, TUN,0.2452,5.7984,0.6779,0,23.9579,0.3894,0.3462,1.9472,1.6876,2.6107,0.0288,0.0721,0.5193,1.0097,0.2452,0.8654,0.1587,0,5.0483,0.7356,44.2233,7.0676,2.3655,0.712348689,115966.00,4032.00,"87,884","24,050","11,875,711",76,3
Turkey, TUR,0.3107,7.5989,0.9322,0,19.2938,0.4237,0.1271,2.2881,2.1328,3.9266,0.0282,0.0706,0.6921,1.7232,0.2966,1.2853,0.0989,0,4.3644,1.0734,42.4011,8.7571,2.1751,1.948892365,1955680.00,17364.00,"1,721,607","216,709","84,757,932",88,1
Turkmenistan, TKM,0.2263,13.1267,1.7409,0,27.4025,0.4701,0.1045,1.3231,6.4415,4.335,0.087,0.0522,0.1393,0.2263,0,1.0097,0.4178,0,1.3057,0.0696,36.8558,3.1337,1.532,NA,772.00,6.00,741,25,"38,958",96,1
Uganda, UGA,1.7949,3.8462,0.1865,0,13.8462,0.0699,0.4895,6.6667,1.4918,1.5152,0.0233,0.0932,1.7016,5.5711,0.0233,8.7413,0.0233,0,2.6573,0,46.1538,4.6154,0.4895,0.021689513,29361.00,228.00,"10,172","18,961","46,395,316",35,1
Ukraine, UKR,1.5319,9.8831,1.2848,0,20.0791,0.9059,0.3459,1.153,3.3767,3.8379,0.0165,0.1153,0.0329,0.2965,0.0329,3.9697,0.1812,0,6.7699,0.2141,40.1087,4.0521,1.8119,1.25927761,944381.00,16256.00,"561,222","366,903","43,610,883",59,2
United Arab Emirates, ARE,0,8.8519,0.9505,0,20.9268,0.4307,0.6089,2.614,3.6834,3.0744,0.2376,0.1188,0.9505,3.7576,0.5941,0.3862,0.104,0,5.4953,1.1585,41.1407,3.5051,1.411,1.680803845,189866.00,629.00,"166,541","22,696","9,945,493",88,0
United Republic of Tanzania, TZA,1.0643,2.7337,0.313,0,20.409,0.0209,0.2922,2.5042,0.9182,1.1895,0,0,2.2329,4.8831,0.0626,7.5751,0.0209,0,2.4207,0.0835,47.2663,5.3631,0.6469,0.000306358,509.00,21.00,183,305,"60,507,133",36,4
United States of America, USA,2.1373,13.6201,1.3009,0,10.7792,0.7832,0.4779,1.7788,6.1065,4.925,0,0.0133,0.9027,0.4646,0.1062,1.2478,0.292,0,8.0048,0.4779,36.3733,9.2792,0.9292,1.939969019,17627070.00,317929.00,"10,291,126","7,018,015","331,902,144",58,2
Uruguay, URY,1.3481,12.1808,1.0785,0,17.732,0.6661,0.2855,1.3957,5.2181,4.8374,0.1427,0.0952,0.5868,0.4282,0.0317,1.586,0.4758,0,7.3751,0.0476,37.8113,5.8208,0.8565,0.186717644,11436.00,105.00,"7,406","3,925","3,479,320",65,1
Uzbekistan, UZB,0.6785,10.7893,0.6123,0,24.8221,0.4137,0.0662,2.2174,3.5247,6.007,0.0331,0.1655,0.0993,0,0.0165,1.6217,0.0662,0,1.7045,0.2151,39.2189,4.5011,3.2269,0.211763329,75675.00,612.00,"72,961","2,102","33,692,363",96,1
Vanuatu, VUT,0.2668,7.4519,0.667,0,16.1044,0.1906,1.2197,2.287,4.3835,0.8767,0.0762,0.1334,10.4822,0,0.0953,7.9093,0.1144,0,2.4204,0.0191,42.5386,2.1536,0.6099,0.000311526,1.00,,1,0,"310,421",100,NA
Venezuela (Bolivarian Republic of), VEN,0.8454,7.2303,0.6007,0,21.3126,0.2892,0.4449,2.3804,3.1368,2.6474,0.0222,0.1335,0.0445,0.7341,0,1.3571,0.0667,0,7.7864,0,42.7586,7.5417,0.6674,0.359703264,109081.00,975.00,"103,741","4,365","28,398,348",95,1
Vietnam, VNM,0.715,10.9806,0.9363,0,26.9833,0.2894,1.0385,1.8046,7.8311,0.5618,0.034,0.3064,1.8897,0.4597,0.4256,0.715,0.1021,0.1532,2.094,0.3575,39.0364,1.3279,1.9578,0.001295097,1407.00,35.00,"1,263",109,"97,743,404",90,2
Yemen, YEM,0,3.4667,0.3394,0,32.0727,0.1455,0.1697,1.1879,2.0121,0.6545,0.0485,0.1212,0.1697,1.2121,0.0485,0.3152,0.1212,0,7.0303,0.0242,46.5455,3.9515,0.3636,0.004640247,2087.00,606.00,"1,384",97,"30,126,156",66,29
Zambia, ZMB,1.1925,3.3043,0.323,0,31.5528,0.1988,0.5714,0.2236,1.5155,0.5217,0.0497,0.1491,3.1801,0.2981,0.0745,4.0994,0.0248,0,2.559,0,46.7081,3.0062,0.4472,0.094696475,18504.00,369.00,"17,680",455,"18,617,945",96,2
Zimbabwe, ZWE,1.4269,3.9356,0.6904,0,29.8044,0.1381,0.1611,0.4373,1.7491,1.0817,0.046,0.0921,0.6904,0.6214,0.046,1.2888,0.046,0,5.0403,0.1151,46.0759,6.2601,0.2532,0.064280428,11866.00,314.00,"9,836","1,716","14,962,460",83,3
